Location,,,,,,,,,,,,,,,,,,,,,,,,,
,,,,,,,,,,,,,,,,,,,,,,,,,
Receiving,RB1,LV MOTOR,FLUID COUPLING,COUPLING,REDUCTION GEARBOX,DRIVE CHAIN,DRIVE SPROCKET,DRIVEN SPROCKET,DRIVE PULLEY,SNUB PULLEYS,WING ROLLERS,TROUGH ROLLERS,RETURN ROLLERS,BELT ALIGNMENT SWITCHES,PULL CORDS,STOP BUTTONS,SOUNDER,HAND CONTROL,,,,,,,
,RB2,LV MOTOR,FLUID COUPLING,COUPLING,REDUCTION GEARBOX,DRIVE CHAIN,DRIVE SPROCKET,DRIVEN SPROCKET,DRIVE PULLEY,SNUB PULLEYS,WING ROLLERS,TROUGH ROLLERS,RETURN ROLLERS,BELT ALIGNMENT SWITCHES,PULL CORDS,STOP BUTTONS,SOUNDER,HAND CONTROL,,,,,,,
,RC1,LV MOTOR,FLUID COUPLING,COUPLING,REDUCTION GEARBOX,,,,DRIVE PULLEY,SNUB PULLEYS,WING ROLLERS,TROUGH ROLLERS,RETURN ROLLERS,,PULL CORDS,STOP BUTTONS,SOUNDER,HAND CONTROL,,,,,,,
,RC2,LV MOTOR,FLUID COUPLING,COUPLING,REDUCTION GEARBOX,,,DRIVEN SPROCKET,DRIVE PULLEY,SNUB PULLEYS,WING ROLLERS,TROUGH ROLLERS,RETURN ROLLERS,,PULL CORDS,STOP BUTTONS,SOUNDER,HAND CONTROL,,,,,,,
,RB1 DCE,FAN MOTOR,DUST BAGS (NUMBER AND TYPE),PULSE AIR SOLENOIDS,STOP BUTTON,HAND CONTROL,,,,,,,,,,,,,,,,,,,
,RB2 DCE,FAN MOTOR,DUST BAGS (NUMBER AND TYPE),PULSE AIR SOLENOIDS,STOP BUTTON,HAND CONTROL,,,,,,,,,,,,,,,,,,,
,RC1 DCE1,FAN MOTOR,DUST BAGS (NUMBER AND TYPE),PULSE AIR SOLENOIDS,STOP BUTTON,HAND CONTROL,,,,,,,,,,,,,,,,,,,
,RC1 DCE2,FAN MOTOR,DUST BAGS (NUMBER AND TYPE),PULSE AIR SOLENOIDS,STOP BUTTON,HAND CONTROL,,,,,,,,,,,,,,,,,,,
,JUNCTION HOUSE ELEVATOR 1,LV MOTOR,FLUID COUPLING,COUPLING,REDUCTION GEARBOX,,,,DRIVE PULLEY,SNUB PULLEYS,WING ROLLERS,TROUGH ROLLERS,RETURN ROLLERS,BELT ALIGNMENT SWITCHES,PULL CORDS,STOP BUTTONS,LOWER CHUTE BLOCK,UPPER CHUTE BLOCK,HAND CONTROL,,,,,,
,JUNCTION HOUSE ELEVATOR 2,LV MOTOR,FLUID COUPLING,COUPLING,REDUCTION GEARBOX,,,,DRIVE PULLEY,SNUB PULLEYS,WING ROLLERS,TROUGH ROLLERS,RETURN ROLLERS,BELT ALIGNMENT SWITCHES,PULL CORDS,STOP BUTTONS,LOWER CHUTE BLOCK,UPPER CHUTE BLOCK,HAND CONTROL,,,,,,
,RB3,LV MOTOR,DUST BAGS (NUMBER AND TYPE),PULSE AIR SOLENOIDS,STOP BUTTON,HAND CONTROL,,,DRIVE PULLEY,SNUB PULLEYS,WING ROLLERS,TROUGH ROLLERS,RETURN ROLLERS,BELT ALIGNMENT SWITCHES,PULL CORDS,STOP BUTTONS,SOUNDER,LOCAL ISOLATOR,HAND CONTROL,,,,,,
,RB4,LV MOTOR,DUST BAGS (NUMBER AND TYPE),PULSE AIR SOLENOIDS,STOP BUTTON,HAND CONTROL,,,DRIVE PULLEY,SNUB PULLEYS,WING ROLLERS,TROUGH ROLLERS,RETURN ROLLERS,BELT ALIGNMENT SWITCHES,PULL CORDS,STOP BUTTONS,SOUNDER,LOCAL ISOLATOR,HAND CONTROL,,,,,,
,RB3 DCE,,DUST BAGS (NUMBER AND TYPE),PULSE AIR SOLENOIDS,STOP BUTTON,HAND CONTROL,,,,,,,,,,,,,,,,,,,
,RB4 DCE,,DUST BAGS (NUMBER AND TYPE),PULSE AIR SOLENOIDS,STOP BUTTON,HAND CONTROL,,,,,,,,,,,,,,,,,,,
,COMPRESSOR 1,MAKE AND MODEL,,,,,,,,,,,,,,,,,,,,,,,
,COMPRESSOR 2,MAKE AND MODEL,,,,,,,,,,,,,,,,,,,,,,,
,RB1 MAGNET,MORE INFO REQUIRED,HAND CONTROL,,,,,,,,,,,,,,,,,,,,,,
,RB2 MAGNET,MORE INFO REQUIRED,HAND CONTROL,,,,,,,,,,,,,,,,,,,,,,
,,,,,,,,,,,,,,,,,,,,,,,,,
SILO 1 ,BASEMENT BELT 1,FLUID COUPLING,COUPLING,REDUCTION GEARBOX,,,,DRIVE PULLEY,SNUB PULLEYS,WING ROLLERS,TROUGH ROLLERS,RETURN ROLLERS,BELT ALIGNMENT SWITCHES,PULL CORDS,STOP BUTTONS,CHUTE BLOCK,LOCAL ISOLATOR,HAND CONTROL,,,,,,,
,BASEMENT BELT 2,FLUID COUPLING,COUPLING,REDUCTION GEARBOX,,,,DRIVE PULLEY,SNUB PULLEYS,WING ROLLERS,TROUGH ROLLERS,RETURN ROLLERS,BELT ALIGNMENT SWITCHES,PULL CORDS,STOP BUTTONS,CHUTE BLOCK,LOCAL ISOLATOR,HAND CONTROL,,,,,,,
,BASEMENT BELT 3,FLUID COUPLING,COUPLING,REDUCTION GEARBOX,,,,DRIVE PULLEY,SNUB PULLEYS,WING ROLLERS,TROUGH ROLLERS,RETURN ROLLERS,BELT ALIGNMENT SWITCHES,PULL CORDS,STOP BUTTONS,CHUTE BLOCK,LOCAL ISOLATOR,HAND CONTROL,,,,,,,
,"BASEMENT BELT 1, VALVE 1 ",FEEDS MAIN ELEVATORS 1 AND 2,STOP BUTTON,HAND CONTROL,,,,,,,,,,,,,,,,,,,,,
,"BASMENT BELT 2, VALVE 1",FEEDSMAIN ELEVATORS 2 AND 3,STOP BUTTON,HAND CONTROL,,,,,,,,,,,,,,,,,,,,,
,"BASEMENT BELT 3, VALVE 1",FEEDS MAIN ELEVATORS 3 AND 4,STOP BUTTON,HAND CONTROL,,,,,,,,,,,,,,,,,,,,,
,MAIN ELEVATOR 1,,SPEED SENSOR,LOWER CHUTE BLOCK,HIGHER CHUTE BLOCK,HV MOTOR ,FLUID COUPLING DRIVE,REDUCTION GEARBOX,COUPLING,ANTI RUN BACK GEAR,PONY MOTOR,PONY COUPLING,PONY GEARBOX,STOP BUTTON,HAND CONTROL,,,,,,,,,,
,MAIN ELEVATOR 2,,SPEED SENSOR,LOWER CHUTE BLOCK,HIGHER CHUTE BLOCK,HV MOTOR ,FLUID COUPLING DRIVE,REDUCTION GEARBOX,COUPLING,ANTI RUN BACK GEAR,PONY MOTOR,PONY COUPLING,PONY GEARBOX,STOP BUTTON,HAND CONTROL,,,,,,,,,,
,MAIN ELEVATOR 3,,SPEED SENSOR,LOWER CHUTE BLOCK,HIGHER CHUTE BLOCK,HV MOTOR ,FLUID COUPLING DRIVE,REDUCTION GEARBOX,COUPLING,ANTI RUN BACK GEAR,PONY MOTOR,PONY COUPLING,PONY GEARBOX,STOP BUTTON,HAND CONTROL,,,,,,,,,,
,MAIN ELEVATOR 4,,SPEED SENSOR,LOWER CHUTE BLOCK,HIGHER CHUTE BLOCK,HV MOTOR ,FLUID COUPLING DRIVE,REDUCTION GEARBOX,COUPLING,ANTI RUN BACK GEAR,PONY MOTOR,PONY COUPLING,PONY GEARBOX,STOP BUTTON,HAND CONTROL,,,,,,,,,,
,,,,,,,,,,,,,,,,,,,,,,,,,
,RB5,LV MOTOR,FLUID COUPLING,COUPLING,REDUCTION GEARBOX,DRIVE CHAIN,DRIVE SPROCKET,DRIVEN SPROCKET,DRIVE PULLEY,SNUB PULLEYS,WING ROLLERS,TROUGH ROLLERS,RETURN ROLLERS,BELT ALIGNMENT SWITCHES,PULL CORDS,STOP BUTTONS,SOUNDER,HAND CONTROL,BEND PULLEYS,GTU,,,,,
,RB6,LV MOTOR,FLUID COUPLING,COUPLING,REDUCTION GEARBOX,DRIVE CHAIN,DRIVE SPROCKET,DRIVEN SPROCKET,DRIVE PULLEY,SNUB PULLEYS,WING ROLLERS,TROUGH ROLLERS,RETURN ROLLERS,BELT ALIGNMENT SWITCHES,PULL CORDS,STOP BUTTONS,SOUNDER,HAND CONTROL,BEND PULLEYS,GTU,,,,,
,RB7,LV MOTOR,FLUID COUPLING,COUPLING,REDUCTION GEARBOX,DRIVE CHAIN,DRIVE SPROCKET,DRIVEN SPROCKET,DRIVE PULLEY,SNUB PULLEYS,WING ROLLERS,TROUGH ROLLERS,RETURN ROLLERS,BELT ALIGNMENT SWITCHES,PULL CORDS,STOP BUTTONS,SOUNDER,HAND CONTROL,BEND PULLEYS,GTU,,,,,
